AdaugaCarte,2024-05-27 22:10:42
AfisareCarte,2024-05-27 22:17:57
CautareCarte,2024-05-27 22:18:07
AdaugaBiblioteca,2024-05-27 22:31:19
AfiseazaBiblioteca,2024-05-27 22:31:45
AdaugaBiblioteca,2024-05-27 22:39:09
AfiseazaBiblioteca,2024-05-27 22:39:17
AdaugaBiblioteca,2024-05-27 22:39:40
AfiseazaBiblioteca,2024-05-27 22:39:45
AdaugaCarte,2024-05-27 22:47:53
AdaugaCarte,2024-05-27 22:48:21
AfisareCarte,2024-05-27 22:48:29
ImprumutaCarte,2024-05-27 22:48:39
AfisareCarte,2024-05-27 22:48:47
AfisareCartiImprumutate,2024-05-27 22:48:53
ReturneazaCarte,2024-05-27 22:49:09
AfisareCarte,2024-05-27 22:49:12
AfisareCartiImprumutate,2024-05-27 22:49:16
AdaugaBiblioteca,2024-05-27 23:19:29
AfiseazaBiblioteca,2024-05-27 23:19:39
AfisareCarte,2024-05-28 00:48:33
